{"cameraMode":{"drawMode":0,"name":"Shaded","section":"Shading Mode"},"sceneLighting":true,"audioPlay":false,"sceneViewState":{"m_AlwaysRefresh":false,"showFog":true,"showSkybox":true,"showFlares":true,"showImageEffects":true,"showParticleSystems":true,"showVisualEffectGraphs":true,"m_FxEnabled":true},"in2DMode":false,"pivot":{"x":0.08750027418136597,"y":2.1624999046325685,"z":-0.0375000536441803},"rotation":{"x":-0.10247881710529328,"y":-0.8954460024833679,"z":0.2729456126689911,"w":-0.33677273988723757},"size":4.694180011749268,"orthographic":false}