{"cameraMode":{"drawMode":0,"name":"Shaded","section":"Shading Mode"},"sceneLighting":false,"audioPlay":false,"sceneViewState":{"m_AlwaysRefresh":false,"showFog":true,"showSkybox":false,"showFlares":true,"showImageEffects":true,"showParticleSystems":true,"showVisualEffectGraphs":true,"m_FxEnabled":true},"in2DMode":false,"pivot":{"x":-0.2153727412223816,"y":0.8211240172386169,"z":-0.7352328300476074},"rotation":{"x":-0.0005582526209764183,"y":0.9970516562461853,"z":0.007169676013290882,"w":0.0767262727022171},"size":0.8898916244506836,"orthographic":false}