{"cameraMode":{"drawMode":0,"name":"Shaded","section":"Shading Mode"},"sceneLighting":false,"audioPlay":false,"sceneViewState":{"m_AlwaysRefresh":false,"showFog":true,"showSkybox":false,"showFlares":true,"showImageEffects":true,"showParticleSystems":true,"showVisualEffectGraphs":true,"m_FxEnabled":true},"in2DMode":false,"pivot":{"x":-10.128067970275879,"y":2.049093246459961,"z":1.3048163652420045},"rotation":{"x":0.17100268602371217,"y":0.2963675856590271,"z":-0.05403821915388107,"w":0.9381126165390015},"size":3.4785900115966799,"orthographic":false}