{"cameraMode":{"drawMode":0,"name":"Shaded","section":"Shading Mode"},"sceneLighting":false,"audioPlay":false,"sceneViewState":{"m_AlwaysRefresh":false,"showFog":true,"showSkybox":false,"showFlares":true,"showImageEffects":true,"showParticleSystems":true,"showVisualEffectGraphs":true,"m_FxEnabled":true},"in2DMode":false,"pivot":{"x":0.2201518416404724,"y":0.5525420308113098,"z":-0.16541019082069398},"rotation":{"x":0.06455178558826447,"y":0.8238422870635986,"z":-0.09584102034568787,"w":0.5549587607383728},"size":1.525496006011963,"orthographic":false}