{"cameraMode":{"drawMode":0,"name":"Shaded","section":"Shading Mode"},"sceneLighting":false,"audioPlay":false,"sceneViewState":{"m_AlwaysRefresh":false,"showFog":true,"showSkybox":false,"showFlares":true,"showImageEffects":true,"showParticleSystems":true,"showVisualEffectGraphs":true,"m_FxEnabled":true},"in2DMode":false,"pivot":{"x":0.0898924395442009,"y":0.11815093457698822,"z":0.37575212121009829},"rotation":{"x":0.1193680390715599,"y":0.8786619305610657,"z":-0.3568841516971588,"w":0.2939175069332123},"size":1.6760039329528809,"orthographic":false}